{
    "f_amp": 95000,
    "delay_1": 0.0000089,
    "delay_2": -1.3e-11,
    "lambda_down": [
        149.0,
        0.1,
        9.7
    ],
    "eta_down": [
        1.0,
        1.0,
        1.0
    ],
    "c_down": [
        2440000,
        100000,
        2730000
    ],
    "h_down": [
        7e-8,
        1e-9,
        1e-6
    ],
    "niu": 0.26,
    "alpha_t": 0.00001885,
    "lambda_up": 0.028,
    "eta_up": 1.0,
    "c_up": 1192.0,
    "h_up": 0.001,
    "w_rms": 0.00001120,
    "x_offset": 0.0000126,
    "incident_pump": 0.00106,
    "incident_probe": 0.00085,
    "n_al": 2.9,
    "k_al": 8.2,
    "lens_transmittance": 0.93
}